<root>
    <BehaviorTree>
      <Sequence>
        <Inverter>
          <KeepRunningUntilFailure>
            <Inverter>
              <IsMissionEnabled mission_enabled="{mission_enabled}"/>
            </Inverter>
          </KeepRunningUntilFailure>
        </Inverter>
        <Sequence>
          <IsBatteryRequiredStatus required_status="{battery_ok}"/>
          <IsMissionEnabled mission_enabled="{mission_enabled}"/>
          <SpecialMovementBTAction server_name="/fcs_interface/special_movement" type_of_action="{take_off}"/>
        </Sequence>
        <Fallback>
          <RepeatOverVectorUntilFailure vector="{waypoint_list}" next_waypoint="{current_waypoint}">
            <Sequence>
              <IsBatteryRequiredStatus required_status="{battery_ok}"/>
              <IsMissionEnabled mission_enabled="{mission_enabled}"/>
              <FlyToWpBTAction server_name="/fcs_interface/fly_to_wp" waypoint="{current_waypoint}"/>
              <Delay delay_msec="3000"/>
            </Sequence>
          </RepeatOverVectorUntilFailure>
          <Sequence>
            <Fallback>
              <IsBatteryRequiredStatus required_status="{battery_mission_critical}"/>
              <IsBatteryRequiredStatus required_status="{battery_ok}"/>
            </Fallback>
            <IsMissionEnabled mission_enabled="{mission_enabled}"/>
            <SpecialMovementBTAction server_name="/fcs_interface/special_movement" type_of_action="{go_home}"/>
          </Sequence>
          <Sequence>
            <IsMissionEnabled mission_enabled="{mission_enabled}"/>
            <SpecialMovementBTAction server_name="/fcs_interface/special_movement" type_of_action="{land}"/>
          </Sequence>
        </Fallback>  
      </Sequence>
     </BehaviorTree>
 </root>
